,state,tweets
0,Alabama,"['ap', 'news', 'latest', 'nzealand', 'mulls', 'masks', 'auckland', 'public', 'transit', 'alabama', 'alaska', 'asia', 'auckland', 'boston', 'business', 'cabinets', 'ap', 'news', 'latest', 'nzealand', 'mulls', 'masks', 'mandatory', 'public', 'transit', 'alabama', 'alaska', 'asia', 'auckland', 'boston', 'business', 'cabinets', 'want', 'one', 'get', 'one', 'logic', 'doesnt', 'fly', 'alabama', 'perfect', 'example', 'strange', 'dmv', 'hours', 'locations', 'extremely', 'far', 'public', 'transit', 'lack', 'areas', 'fees', 'amount', 'time', 'needed', 'insane']"
1,Alaska,"['tribal', 'transit', 'program', 'makes', 'funds', 'available', 'federally', 'recognized', 'indian', 'tribes', 'alaska', 'native', 'villages', 'groups', 'communities', 'support', 'public', 'transportation', 'services', 'around', 'tribal', 'lands', 'ap', 'news', 'latest', 'nzealand', 'mulls', 'masks', 'auckland', 'public', 'transit', 'alabama', 'alaska', 'asia', 'auckland', 'boston', 'business', 'cabinets', 'ap', 'news', 'latest', 'nzealand', 'mulls', 'masks', 'mandatory', 'public', 'transit', 'alabama', 'alaska', 'asia', 'auckland', 'boston', 'business', 'cabinets', 'would', 'disaster', 'alaska', 'mean', 'goes', 'without', 'saying', 'things', 'like', 'functioning', 'public', 'transit', 'system', 'alaska', 'marine', 'highway', 'usps', 'literal', 'life', 'death', 'alaskans', 'good', 'day', 'everyone', 'came', 'across', 'article', 'vancouver', 'sun', 'afternoon', 'local', 'public', 'transit', 'company', 'embarked', 'pilot', 'project', 'entails', 'installing', 'virus', 'killing', 'copper', 'surfaces', 'two', 'trolley', 'buses', 'two', 'skytrains']"
2,Arizona,"['arizona', 'voted', 'increase', 'taxes', 'wealthy', 'fund', 'public', 'schools', 'massachusetts', 'faces', 'cuts', 'public', 'transit', 'mapoli', 'pardon', 'progress', 'public', 'transit', 'phoenix', 'update', 'virtual', 'report']"
3,Arkansas,"['saw', 'story', 'ppl', 'move', 'arkansas', 'dont', 'like', 'cali', 'tell', 'move', 'else', 'avoid', 'nwa', 'area', 'theres', 'many', 'ppl', 'huge', 'public', 'transit', 'lol', 'arkansas', 'could', 'really', 'use', 'tax', 'dollars', 'tax', 'revenue', 'brought', 'legalized', 'recreational', 'marijuana', 'sales', 'imagine', 'tax', 'dollars', 'could', 'go', 'public', 'schools', 'transit', 'programs', 'public', 'parks', 'etc', 'theres', 'reason', 'legalize', 'marijuana']"
4,California,"['bold', 'shift', 'roadfocus', 'head', 'public', 'transit', 'agency', 'oversee', 'panel', 'experts', 'tasked', 'advising', 'direction', 'federal', 'transportation', 'policy', 'agencies', 'including', 'reason', 'hope', 'everyone', 'hole', '‚Äô', 'scared', 'death', 'cus', 'roommate', 'california', 'came', 'back', 'leaves', 'house', 'takes', 'public', 'transit', 'every', 'single', 'day', 'idea', 'safe', '‚Äô', 'mayor', 'garcetti', 'eyed', 'secretary', 'transportation', 'means', 'getting', 'politician', 'regardless', 'party', 'california', 'handle', 'transportation', 'big', 'book', 'need', 'evidence', 'look', 'cas', 'lack', 'efficient', 'public', 'transit', 'mean', 'state', 'california', 'incredibly', 'cheap', 'relatively', 'speaking', 'public', 'colleges', 'universities', '‚Äô', 'engineer', 'mass', 'transit', 'would', 'like', 'development', 'work', 'field', 'requires', 'bachelors', 'bart', 'caltrain', 'bayarea', 'california', 'governors', 'cuomo', 'pritzker', 'whitmer', 'inslee', 'katebrown', 'newsom', 'sisolak', 'polis', 'herbert', 'ducey', 'adequate', 'resources', 'basic', 'needs', 'regional', 'population', 'stop', 'sending', 'tax', 'revenue', 'central', 'government', 'dr', 'susie', 'pike', 'recently', 'discussed', 'stakeholders', 'california', 'view', 'potential', 'impacts', 'ridehailing', 'services', 'transportation', 'systems', 'webinar', '‚Äú', 'ridehailing', 'amp', 'public', 'transit', 'partnerships', '‚Äù', 'watch', 'recording', 'httpstcobfxmbwhowf', 'much', 'talk', 'us', 'california', 'hear', 'great', 'public', 'transit', 'east', 'hope', 'see', 'innovative', 'public', 'transit', 'initiatives', 'significant', 'funding', 'investment', 'federal', 'level', 'two', 'completely', 'different', 'lifestyles', 'drivers', 'ny', 'overwhelmingly', 'nyc', 'metro', 'area', 'lucrative', 'full', 'time', 'job', 'whereas', 'california', 'poor', 'public', 'transit', 'car', 'centric', 'lifestyle', '‚Äô', 'side', 'hustle', 'positive', 'sign', 'public', 'transit', 'support', 'la', 'metro', 'ceo', 'phil', 'washington', 'run', 'bidens', 'transition', 'team', 'transportation', '‚Äú', 'anticipate', 'agencies', 'marching', 'toward', 'edge', 'fiscal', 'cliff', '‚Äù', 'said', 'michael', 'pimentel', 'deputy', 'executive', 'director', 'california', 'transit', 'association', 'excited', 'share', 'first', 'article', 'public', 'transit', 'difficult', 'right', 'hopefully', 'hikes', 'inspire', 'future', 'hikingadventures', 'newyork', 'colorado', 'california', 'httpstcoisipaipfix', 'looot', 'reasons', 'underfund', 'public', 'transit', 'across', 'board', 'spend', 'much', 'warmilitary', 'us', 'huge', 'works', 'well', 'somewhere', 'like', 'japan', 'size', 'california', 'harder', 'scaled', 'arguably', 'wienerschnitzel', 'hot', 'dog', 'stand', 'soquel', 'ave', 'santacruz', 'california', 'great', 'public', 'transit', 'access', 'httpstcohndivjhywt']"
5,Colorado,"['hoped', 'increase', 'capacity', 'oneway', 'bus', 'trip', 'less', 'minutes', 'winter', 'colorado', 'department', 'public', 'health', 'environment', 'guidance', 'allows', 'maximum', 'capacity', 'via', 'transit', 'pretty', 'great', 'public', 'transit', 'kansas', 'city', 'even', 'free', 'light', 'rail', 'line', 'nyc', 'public', 'transit', 'mess', 'big', 'part', 'came', 'home', 'colorado', 'excited', 'share', 'first', 'article', 'public', 'transit', 'difficult', 'right', 'hopefully', 'hikes', 'inspire', 'future', 'hikingadventures', 'newyork', 'colorado', 'california', 'httpstcoisipaipfix', 'november', 'policies', 'supporting', 'public', 'transportation', 'passed', 'across', 'country', 'austin', 'texas', 'passed', 'legislation', 'build', 'new', 'light', 'rail', 'sidewalks', 'bikeways', 'virginia', 'colorado', 'approved', 'additional', 'funding', 'sources', 'via']"
6,Florida,"['cities', 'lots', 'roads', 'houses', 'prob', 'better', 'ones', 'rely', 'public', 'transit', 'apartments', 'office', 'buildings', 'la', 'houston', 'gt', 'ny', 'sf', 'people', 'like', 'cars', 'houses', 'climate', 'change', 'denial', 'south', 'florida', 'real', 'amount', 'littering', 'lack', 'recycling', 'lack', 'public', 'transit', 'etc', 'shocking', 'people', 'uneducated', 'zero', 'percent', 'interest', 'changing', 'way', 'life', 'new', 'palm', 'tran', 'technology', 'allows', 'touchfree', 'wheelchair', 'securement', 'buses', 'providing', 'florida', 'passengers', 'safer', 'sanitary', 'public', 'transit', 'experience', 'accessibility', 'starts', 'changing', 'zoning', 'laws', 'would', 'venture', 'also', 'placing', 'limits', 'urban', 'sprawl', 'funding', 'public', 'transit', 'bike', 'paths', 'florida', 'would', 'like', 'see', 'support', 'electric', 'powered', 'bikes', 'boards', 'asap', 'else', 'needed', 'kickstart', 'city', 'florida', 'public', 'transit', 'joke', 'best', 'case', 'walk', 'miles', 'bus', 'stop', 'minutes', 'whole', 'foods', 'like', 'transfers', 'minutes', 'trader', 'joes', 'car', 'trader', 'joes', 'like', 'minutes', 'away', 'good', 'day', 'normal', 'traffic', 'whole', 'foods', 'like', 'httpstcolpxcfhvdfs', 'florida', 'increased', 'minimum', 'wage', 'public', 'transit', 'projects', 'form', 'legal', 'weed', 'passed', 'states', 'left', 'broadly', '‚Äô', 'bad', 'mostly', 'reflects', 'fact', 'party', 'bad', 'winning', 'seats']"
7,Georgia,"['proud', 'sponsor', 'part', 'virtual', 'conference', 'november', 'georgia', 'transit', 'association', 'nonprofit', 'organization', 'dedicated', 'improving', 'public', 'transportation', 'state', 'georgia', 'publictransport', 'mobility', 'ondemand', 'georgia', 'üèóÔ∏èexpand', 'georgias', 'coastal', 'ports', 'üöåimprove', 'expand', 'public', 'transportation', 'üö¥üèæ\u200d‚ôÄÔ∏èinvest', 'multimodal', 'transit', 'bike', 'lanes', 'üåârebuild', 'vital', 'infrastructure', 'protect', 'critical', 'transportation', 'hubs', 'create', 'jobs']"
8,Illinois,"['across', 'state', 'public', 'transportation', 'receiving', 'major', 'upgrades', 'rebuild', 'illinois', 'program', 'dishing', 'million', 'om', 'grants', 'champaignurbana', 'mass', 'transit', 'district', 'get', 'roughly', 'million', 'wcia', 'city', 'chicago', 'illinois', '‚Äô', 'health', 'department', 'issued', 'new', 'guidance', 'urging', 'residents', 'stay', 'home', 'leave', '‚Äú', 'essential', 'activities', '‚Äù', 'using', 'public', 'transit', 'heres', 'safely', 'httpstcokkqzhcewcm', 'part', 'rebuild', 'illinois', 'capital', 'program', 'illinois', 'appropriated', 'funds', 'purpose', 'providing', 'capital', 'grants', 'downstate', 'public', 'transit', 'agencies', 'httpstcosatmsfrnzs', 'part', 'rebuild', 'illinois', 'capital', 'program', 'illinois', 'appropriated', 'funds', 'purpose', 'providing', 'capital', 'grants', 'downstate', 'public', 'transit', 'agencies', 'part', 'rebuild', 'illinois', 'capital', 'program', 'illinois', 'appropriated', 'funds', 'purpose', 'providing', 'capital', 'grants', 'downstate', 'public', 'transit', 'agencies', 'part', 'rebuild', 'illinois', 'capital', 'program', 'illinois', 'appropriated', 'funds', 'purpose', 'providing', 'capital', 'grants', 'downstate', 'public', 'transit', 'agencies', 'part', 'rebuild', 'illinois', 'capital', 'program', 'illinois', 'appropriated', 'funds', 'purpose', 'providing', 'capital', 'grants', 'downstate', 'public', 'transit', 'agencies', 'httpstcomjzkcsnioh', 'ut', 'mayor', 'salt', 'lake', 'city', 'city', 'one', 'best', 'precovid', 'increases', 'public', 'transit', 'usage', 'secretary', 'energy', 'susan', 'solomon', 'illinois', 'foremost', 'climate', 'scientists', 'geologists', 'chemist']"
9,Indiana,"['northwest', 'indiana', 'regional', 'development', 'authority', 'host', 'first', 'public', 'engagement', 'session', 'concerning', 'transit', 'development', 'districts', 'around', 'commuter', 'rail', 'stations', 'nov']"
10,Iowa,"['btw', 'iowa', 'dot', 'working', 'integrated', 'corridor', 'management', 'plan', 'dsm', 'metro', 'online', 'public', 'meeting', 'documents', 'transitbikingwalking', 'given', 'brief', 'attention']"
11,Kansas,"['bright', 'news', 'kcs', 'public', 'transit', 'wrapped', 'honor', 'negro', 'leagues', 'kansas', 'citys', 'greatest', 'citizen', 'time', 'buck', 'oneil', 'find', 'visiting', 'kc', 'must', 'must', 'must', 'visit', 'negro', 'leagues', 'baseball', 'museum', 'httpstcomqovtlnxcj', 'kansas', 'city', 'already', 'working', 'problem', 'hopefully', 'bidenharris', 'plan', 'help', 'succeed', 'experience', 'help', 'plan', 'succeed', 'pretty', 'great', 'public', 'transit', 'kansas', 'city', 'even', 'free', 'light', 'rail', 'line', 'nyc', 'public', 'transit', 'mess', 'big', 'part', 'came', 'home', 'colorado', 'never', 'public', 'transit', 'system', 'come', 'together', 'honor', 'negro', 'leagues', 'privileged', 'right', 'kansas', 'city', 'wrappedwithheart', 'thats', 'good', 'question', 'kansas', 'city', 'worth', 'monitoring', 'hate', 'crime', 'victims', 'kansas', 'bar', 'oregon', 'public', 'transit', 'el', 'paso', 'httpstcocfielvtkbh', 'charlottesville', 'tree', 'life']"
12,Kentucky,"['think', 'public', 'officials', 'take', 'mass', 'transit', 'buses', 'trains', 'available', 'dc', 'nearly', 'everywhere', 'amtrak', 'goes', 'kentucky', 'dc', 'mitch', 'mcconnell', 'take']"
13,Maryland,"['heres', 'latest', 'making', 'case', 'governance', 'reforms', 'baltimore', 'public', 'transit', 'httpstcovwuubylgid', 'gaithersburg', 'amendment', 'could', 'limit', 'public', 'housing', 'amp', 'call', 'local', 'control', 'mta', 'public', 'transit', 'baltimore', 'oped', 'yesterdays', 'transit', 'needs', 'improve', 'city', 'thrive', 'marc', 'train', 'face', 'covering', 'reduce', 'spread', 'protect', 'customers', 'team', 'members', 'riders', 'using', 'public', 'transit', 'including', 'marc', 'train', 'mta', 'local', 'bus', 'light', 'rail', 'metro', 'subway', 'commuter', 'bus', 'mobilit', 'state', '‚Äô', 'richest', 'county', 'gets', 'billions', '‚Äô', 'want', 'city', 'greatest', 'concentration', 'poverty', 'maryland', 'far', 'gets', 'passed', 'md', 'invest', 'public', 'transit', 'like', 'red', 'line', 'polluting', 'highway', 'expansion', 'thanks', 'state', 'delegate', 'jared', 'solomon', 'sharing', 'thoughts', 'state', 'maryland', 'transportation', 'issues', 'committee', 'montgomery', 'hes', 'helped', 'us', 'understand', 'critical', 'issues', 'public', 'private', 'partnerships', 'pedestrian', 'safety', 'marc', 'public', 'transit', 'state', 'funding', 'marc', 'train', 'face', 'covering', 'reduce', 'spread', 'protect', 'customers', 'team', 'members', 'riders', 'using', 'public', 'transit', 'including', 'marc', 'train', 'mta', 'local', 'bus', 'light', 'rail', 'metro', 'subway', 'commuter', 'bus', 'mobilit', 'marc', 'train', 'face', 'covering', 'reduce', 'spread', 'protect', 'customers', 'team', 'members', 'riders', 'using', 'public', 'transit', 'including', 'marc', 'train', 'mta', 'local', 'bus', 'light', 'rail', 'metro', 'subway', 'commuter', 'bus', 'mobilit', 'phone', 'survey', 'maryland', 'dot', 'got', 'tell', 'want', 'see', 'better', 'public', 'transit', 'want', 'limit', 'road', 'expansion', 'leads', 'induced', 'demand', 'avoid', 'public', 'private', 'partnerships', 'cost', 'üòé', 'reminder', 'metro', 'subwaylink', 'service', 'requirement', 'mdot', 'mta', 'riders', 'reduce', 'spread', 'protect', 'customers', 'team', 'members', 'riders', 'using', 'public', 'transit', 'including', 'marc', 'train', 'mt', 'reminder', 'local', 'citylink', 'service', 'advisory', 'requirement', 'mdot', 'mta', 'riders', 'reduce', 'spread', 'protect', 'customers', 'team', 'members', 'riders', 'using', 'public', 'transit', 'including', 'marc', 'train', 'reminder', 'light', 'raillink', 'service', 'advisory', 'requirement', 'mdot', 'mta', 'riders', 'reduce', 'spread', 'protect', 'customers', 'team', 'members', 'riders', 'using', 'public', 'transit', 'including', 'marc', 'train', 'mta', 'marc', 'train', 'face', 'covering', 'reduce', 'spread', 'protect', 'customers', 'team', 'members', 'riders', 'using', 'public', 'transit', 'including', 'marc', 'train', 'mta', 'local', 'bus', 'light', 'rail', 'metro', 'subway', 'commuter', 'bus', 'mobilit', '‚Äú', 'mess', 'literally', 'figuratively', '‚Äù', 'needed', 'proof', 'publicprivate', 'partnerships', 'magic', 'solution', 'building', 'large', 'public', 'works', 'projects', 'suburban', 'dc', 'transit', 'project', 'called', 'purple', 'line', 'httpstcohuxticcrec', 'ppps', 'publicworks', 'rtc', 'seeks', 'input', 'community', 'neighborhood', 'development', 'options', 'along', 'proposed', 'maryland', 'parkway', 'bus', 'rapid', 'transit', 'brt', 'route', 'clark', 'county', 'city', 'las', 'vegas', 'rtc', 'seek', 'public', 'input', 'development', 'options', 'along', 'maryland', 'parkway', 'corridor', '‚Äî', 'retail', 'housing', 'entertainment', 'development', 'proposed', 'along', 'bus', 'rapid', 'transit', 'brt', 'route', '‚Äìn', 'assistant', 'marc', 'train', 'face', 'covering', 'reduce', 'spread', 'protect', 'customers', 'team', 'members', 'riders', 'using', 'public', 'transit', 'including', 'marc', 'train', 'mta', 'local', 'bus', 'light', 'rail', 'metro', 'subway', 'commuter', 'bus', 'mobilit', 'marc', 'train', 'face', 'covering', 'reduce', 'spread', 'protect', 'customers', 'team', 'members', 'riders', 'using', 'public', 'transit', 'including', 'marc', 'train', 'mta', 'local', 'bus', 'light', 'rail', 'metro', 'subway', 'commuter', 'bus', 'mobilit', 'marc', 'train', 'face', 'covering', 'reduce', 'spread', 'protect', 'customers', 'team', 'members', 'riders', 'using', 'public', 'transit', 'including', 'marc', 'train', 'mta', 'local', 'bus', 'light', 'rail', 'metro', 'subway', 'commuter', 'bus', 'mobilit']"
14,Massachusetts,"['charlie', 'baker', 'mad', 'house', 'sticking', 'roeact', 'budget', 'baker', 'seems', 'content', 'let', 'public', 'transit', 'fail', 'massachusetts', 'look', 'forward', 'seeing', 'senate', 'amendment', 'sticks', 'partnering', 'amp', 'provide', 'charliecards', 'reusable', 'plastic', 'fare', 'cards', 'boston', 'neighborhoods', 'make', 'using', 'public', 'transit', 'easier', 'transportation', 'bus', 'subway', 'public', 'transit', 'vital', 'boston', 'beyond', 'proposed', 'cuts', 'harm', 'essential', 'workers', 'public', 'health', 'climate', 'local', 'economy', 'ever', 'must', 'support', 'residents', 'take', 'steps', 'build', 'back', 'economy', 'used', 'think', 'massachusetts', 'progressive', 'whose', 'leaders', 'even', 'middle', 'crisis', 'would', 'let', 'people', 'like', 'foolish', 'fund', 'public', 'transit', 'cowards', 'mbta', 'mapoli', 'arizona', 'voted', 'increase', 'taxes', 'wealthy', 'fund', 'public', 'schools', 'massachusetts', 'faces', 'cuts', 'public', 'transit', 'mapoli', 'specific', 'massachusetts', 'hiking', 'question', 'friend', 'lives', 'near', 'amherst', '‚Äô', 'looking', 'meet', 'somewhere', 'middle', 'day', 'hike', 'possibly', 'near', 'worcester', '‚Äô', 'car', 'anything', 'good', 'get', 'boston', 'public', 'transit', 'massachusetts', 'serious', 'tackling', 'climate', 'change', 'cutting', 'service', 'last', 'thing', 'meet', 'climate', 'goals', 'public', 'transit', 'needs', 'investment', 'less', 'mapoli', 'massachusetts', 'provides', 'really', 'stark', 'example', 'democratic', 'supermajority', 'houses', 'legislature', 'gets', 'public', 'much', 'massachusetts', 'public', 'transit', 'service', 'faces', 'oncoming', 'cuts', 'fiscal', 'management', 'amp', 'control', 'board', 'struggles', 'lack', 'investment', 'public', 'transit', 'public', 'good', 'coalition', 'calling', 'state', 'legislature', 'step', 'amp', 'save', 'reminder', 'massachusetts', 'house', 'literally', 'voting', 'amendments', 'budget', 'today', 'still', 'session', 'think', 'mbta', 'service', 'cuts', 'harmful', 'people', 'life', 'tell', 'state', 'rep', 'raise', 'taxes', 'fund', 'public', 'transit', 'cuts', 'public', 'transit', 'impose', 'even', 'greater', 'equity', 'gap', 'residents', 'across', 'state', 'make', 'transportation', 'equitable', 'must', 'provide', 'choice', 'less', 'massachusetts', 'afford', 'proposed', 'cuts', 'learn', 'transitisessentialma', 'httpstcoxumwefxbth', 'glad', 'live', 'massachusetts', 'progressive', 'things', 'like', 'cutting', 'public', 'transit', 'massachusetts', 'budget', 'expand', 'public', 'transit', 'one', 'wants', 'make', 'necessary', 'changes', 'otherwise', 'bloated', 'budgets', 'order', 'fund', 'massachusetts', 'doesnt', 'bad', 'drivers', 'engaged', 'multidecade', 'psyop', 'scare', 'americans', 'investing', 'robust', 'public', 'transit', 'cmon', 'voters', 'place', 'less', 'value', 'talkingtweeting', 'talk', 'walking', 'riding', 'biking', 'talküëèüèæif', 'former', 'massachusetts', 'gov', 'michael', 'dukakis', 'able', 'take', 'public', 'transit', 'work', 'office', 'reason', 'boston', 'mayor', 'cant', 'bospoli', 'mapoli', 'okay', 'cutting', 'public', 'transit', 'good', 'recipe', 'stimulating', 'economy', 'unacceptable', 'billion', 'progressive', 'revenue', 'functioning', 'wellfunded', 'public', 'transit', 'guaranteed', 'housing', 'stability', 'evictionsforeclosures', 'things', 'desperately', 'need', 'massachusetts', 'house', 'debates', 'budget', 'tmrw', 'mapoli', 'taxtherich', 'housingguaranteema', 'httpstcoldtydplmzk', 'accessible', 'public', 'transit', 'essential', 'equitable', 'boston', '‚Äî', 'massachusetts', 'ferry', 'rider', 'stinks', 'cambridge', '‚Äô', 'state', 'rep', 'proposed', 'exactly', 'this‚Äîtaxing', 'wealth', 'top', 'stop', 'covidlinked', 'austerity', 'imposed', 'massachusetts', 'residents', 'depend', 'public', 'transit', 'httpstcopbkblkqcrs', 'unreliable', 'public', 'transit', 'forcing', 'people', 'single', 'occupancy', 'vehicles', 'massachusetts', 'scenes', 'like', 'taste', 'futureüöó', 'üöó', 'üöô', 'üöó', 'üöô', 'plan', 'bad', 'economy', 'bad', 'planet', 'bad', 'equity', 'bad', 'public', 'health', 'generally', 'bad', 'people', 'bad', 'massachusetts', 'need', 'invest', 'transit', 'cut', 'mapoli', 'colossal', 'prove', 'catastrophic', 'let', 'public', 'transit', 'fail', 'degree', 'dangerous', 'letting', 'public', 'education', 'fail', 'massachusetts', 'afford', 'afford', 'complete', 'transit', 'service', 'going', 'spend', 'time', 'opposing', 'gov', 'plan', 'defund', 'massachusetts', 'public', 'transit', 'evict', 'people', 'cant', 'pay', 'rent', 'pandemic', 'feed', 'bay', 'staters', 'food', 'insecure', 'im', 'going', 'support', 'candidate', 'would', 'bospoli', 'mapoli']"
15,Michigan,"['inspiring', 'blow', 'learned', 'helplessness', 'coronavirus', 'via', 'httpstcofkfhgqrwtf', 'maybe', 'could', 'follow', 'actual', 'science', 'shut', 'public', 'transit', 'smart', 'bus', 'proposing', 'new', 'route', 'changes', 'go', 'effect', 'april', 'changes', 'routes', 'southshore', 'downriver', 'michigan', 'local', 'middlebelt', 'grand', 'riverbeech', 'daly', 'amp', 'new', 'route', 'groesbeck', 'meeting', 'today', 'dingell', 'transit', 'center', 'amp', 'zoom', 'wednesday', 'httpstcohxdpcrcbbe', 'gov', 'whitmer', 'set', 'announce', 'restrictions', 'pm', 'colleges', 'high', 'schools', 'restaurants', 'theaters', 'stadiums', 'etc', 'pro', 'sports', 'retail', 'salonsbarbers', 'public', 'transit', 'still', 'open', 'plans', 'rush', 'together', 'michigan', 'state', 'fairgrounds', 'development', 'im', 'hoping', 'gets', 'involved', 'traumatic', 'stress', 'many', 'detroit', 'transit', 'riders', 'suffer', 'need', 'health', 'safety', 'street', 'minimum', 'grounds', 'serving', 'public', 'see', 'many', 'problems', 'caused', 'cars', 'could', 'solved', 'form', 'public', 'transit', 'yet', 'imagine', 'instead', 'cars', 'competing', 'parking', 'spots', 'took', 'train', 'used', 'small', 'transit', 'buses', 'uber', 'get', 'around', 'concept', '‚Äô', 'see', 'raise', 'one', 'tax', 'churches', 'fix', 'roads', 'fund', 'public', 'transit', 'michigan']"
16,Minnesota,"['need', 'buy', 'bike', 'light', 'everpresent', 'minnesota', 'winter', 'darkness', 'cant', 'take', 'public', 'transit', 'need', 'make', 'eye', 'appointment', 'kid', 'eyelid', 'might', 'covering', 'pupil', 'need', 'plan', 'dinner']"
17,Montana,"['must', 'dense', 'growth', 'public', 'transit', 'dakotas', 'wyoming', 'montana', 'thats', 'spiking', 'covid', 'cases']"
18,Nebraska,"['‚Äô', 'public', 'transit', 'situation', 'lincoln', 'nebraska']"
19,Nevada,"['please', 'make', 'mandatory', 'wear', 'mask', 'city', 'buses', 'many', 'people', 'still', 'wearing', 'masks', 'wearing', 'improperly', 'tulsa', 'tulsa', 'transit', 'began', 'enforcing', 'mask', 'mandate', 'nevada', 'public', 'transportation', 'privilege', 'right']"
20,New Jersey,"['bus', 'company', 'defrauded', 'new', 'jersey', '‚Äô', 'public', 'transit', 'corporation', 'million', 'underreporting', 'trips', 'buses', 'missed', 'billing', 'trips', 'never', 'took', 'according', 'civil', 'complaint', 'announced', 'monday', 'bus', 'company', 'defrauded', 'new', 'jersey', '‚Äô', 'public', 'transit', 'corporation', 'million', 'underreporting', 'trips', 'buses', 'missed', 'billing', 'trips', 'never', 'took', 'according', 'civil', 'complaint', 'announced', 'monday', 'new', 'episode', 'featuring', 'special', 'guest', 'gordon', 'nj', 'transit', 'board', 'member', 'nj', 'bpu', 'commissioner', 'amp', 'former', 'nj', 'senator', 'amp', 'assemblymen', 'part', 'ii', 'dives', 'lifelong', 'public', 'service', 'new', 'jersey', 'nj', 'legislature', 'nj', 'transit', 'amp', 'httpstconuchoqjvys', 'newark', 'nj', 'miles', 'minutes', 'away', 'manhattan', 'public', 'transit', 'positivity', 'next', 'big', 'nyc', 'metrotristate', 'mass', 'die', 'upon', 'us', 'httpstcoegqzjfunas', 'extr', 'extreme', 'networks', 'nnounced', 'nj', 'transit', 'state', 'new', 'jerseys', 'public', 'transportation', 'system', 'deployed', 'everyone', 'scrambled', 'get', 'taken', 'public', 'transit', 'nyc', 'jersey', 'transit', 'central', 'jersey', 'new', 'venue', 'reliant', 'hitching', 'rides', 'players', 'make']"
21,New York,"['im', 'old', 'remember', 'people', 'claimed', 'reason', 'new', 'york', 'bad', 'public', 'transit', 'car', 'culture', 'saving', 'rest', 'america', 'covid', 'causing', 'crisis', 'confidence', 'mass', 'public', 'transport', 'systems', 'around', 'globe', 'leads', 'fiscal', 'crisis', 'state', 'amp', 'potential', 'environment', 'disaster', 'unless', 'well', 'managed', 'new', 'york', 'crisis', 'mass', 'transit', 'systems', 'via', 'new', 'york', 'crisis', 'mass', 'transit', 'systems', 'public', 'transport', 'revenue', 'leading', 'cities', 'hit', 'hard', '‚Äî', 'passengers', 'may', 'never', 'return', 'httpstcodvzrstqvsw', 'via', 'collapse', 'revenue', 'public', 'transit', 'agencies', 'combined', 'future', 'work', 'post', 'covid', 'seeming', 'point', 'towards', 'less', 'travel', 'opens', 'serious', 'questions', 'mass', 'transit', 'revenue', 'model', 'topoli', 'new', 'york', 'crisis', 'mass', 'transit', 'systems', 'new', 'york', '‚Äô', 'crisis', 'mass', 'transit', 'tells', 'us', '‚Äú', 'preserve', 'priority', 'public', 'transport', 'want', 'avoid', 'complete', 'gridlock', 'cities', 'make', 'sure', 'people', 'go', 'back', 'cars', '‚Äù', 'mezghani', 'international', 'association', 'public', 'transport', 'httpstcoxfwdfvhyph', 'overmyer', 'public', 'transit', 'rail', 'system', 'buffalo', 'new', 'york', 'united', 'states', 'operated', 'niagara', 'frontier', 'transportation', 'authority', 'nfta', 'widened', 'knows', 'thats', 'needed', 'vast', 'majority', 'us', 'want', 'make', 'public', 'transit', 'works', 'like', 'new', 'york', 'london', 'know', 'takes', 'actually', 'need', 'go', 'quicker', 'takes', 'drive', 'bad', 'traffic', 'day', 'people', 'forget', 'nyc', 'unique', 'shuffle', 'students', 'staff', 'around', 'boros', 'crowded', 'public', 'transit', 'threshold', 'action', 'aggressive', 'together', 'partners', 'building', 'modern', 'efficient', 'public', 'transit', 'system', '‚Äì', 'making', 'new', 'york', 'resilient', 'process', 'new', 'york', '‚Äô', 'created', 'framework', 'collaboration', 'innovation', 'transit', 'tech', 'lab', 'publicprivate', 'initiative', 'launched', 'partnership', 'new', 'york', 'city', 'metropolitan', 'transportation', 'authority', 'moved', 'billion', 'people', 'per', 'year', 'via', 'bus', 'rachel', 'haot', 'executive', 'director', 'transit', 'innovation', 'partnership', 'new', 'york', 'city', 'public', 'private', 'sectors', 'work', 'together', 'covid', 'era', 'innovation', 'optional', 'together', 'partners', 'building', 'modern', 'efficient', 'public', 'transit', 'system', '‚Äì', 'making', 'new', 'york', 'resilient', 'process', 'mta', 'definitely', 'high', 'stress', 'flimsy', 'ass', 'swipes', 'impossible', 'screens', 'never', 'thought', '‚Äô', 'grateful', 'ventura', 'card', 'taking', 'public', 'transit', 'new', 'york', 'celebrated', 'convinced', 'protesting', '‚Äú', 'defund', 'police', '‚Äù', 'lived', 'middle', 'largest', 'cities', '‚Äô', 'lived', 'gentrified', 'areas', 'dc', 'amp', 'new', 'york', 'city', 'amp', 'la', 'take', 'public', 'transit', 'amp', 'truly', 'live', 'city', 'life', 'see', 'crazy', 'crazy', 'city', 'seven', 'hills', 'colleges', 'shuttle', 'buses', 'schools', 'students', 'excludes', 'public', 'transportation', 'dont', 'wonder', 'people', 'boston', 'new', 'york', 'city', 'ask', 'isnt', 'public', 'transit', 'transportation', 'sector', 'alone', 'accounts', 'third', 'new', 'yorks', 'greenhouse', 'gas', 'emissions', 'main', 'cause', 'climate', 'change', 'big', 'part', 'solution', 'investment', 'public', 'transportation', 'zero', 'emissions', 'vehicles', '‚Äô', 'detroit', 'motorcity', 'drive', 'lot', 'families', 'one', 'cars', 'get', 'around', 'unlike', 'new', 'york', 'major', 'cities', 'effective', 'public', 'transit', 'system', 'get', 'around', 'u', 'car', 'person', 'household', 'access', 'pandemic', 'andrew', 'cuomo', 'nothing', 'less', 'convenient', 'excuse', 'criticize', 'ban', 'things', 'doesnt', 'like', 'new', 'york', 'city', 'population', 'density', 'public', 'transit', 'drinking', 'literally', 'staying', 'late', 'hes', 'running', 'ohh', 'get', 'mean', '‚Äô', 'trying', 'use', 'first', 'article', 'support', 'argument', '‚Äô', 'people', 'harassed', 'people', 'public', 'transit', '‚Äô', 'already', 'illegal', 'basically', 'everywhere', 'except', 'let', '‚Äô', 'real', 'new', 'york', 'city', 'difference', 'new', 'york', 'one', 'using', 'public', 'transit', 'takeup', 'indoor', 'dining', 'city', 'limited', 'first', 'place', '‚Äô', 'gon', 'na', 'hire', 'fauci', 'biden', 'going', 'go', 'lab', 'create', 'vaccine', 'single', 'handidly', 'gon', 'na', 'go', 'new', 'york', 'tell', 'cuomo', 'shut', 'public', 'transit', 'gets', 'bad', 'joke', 'listen', 'scientists', 'cmon', 'man', 'hand', 'new', 'york', 'extensive', 'public', 'transit', 'network', 'could', 'improved', 'even', 'revenue', 'charging', 'parking', 'joe', 'biden', 'victory', 'mean', 'public', 'transportation', 'northeast', 'min', 'car', 'unreachable', 'public', 'transit', 'unless', 'go', 'new', 'york', 'city', 'via', 'path', 'commute', 'üò™', 'friends', 'lived', 'boston', 'new', 'york', 'city', 'managed', 'carless', 'life', 'since', 'public', 'transit', 'decent', 'uberlyft', 'used', 'supplement', 'times', 'public', 'transit', 'doesnt', 'work', 'us', 'cities', 'difficult', 'may', 'remind', 'everyone', 'new', 'stimulus', 'package', 'must', 'fund', 'struggling', 'governments', 'avoid', 'states', 'cities', 'forced', 'cut', 'social', 'services', 'time', '‚Äô', 'desperately', 'needed', 'public', 'transit', 'systems', 'like', 'new', 'york', '‚Äô', 'mta', 'need', 'billions', 'punish', 'ppl', 'taking', 'one', 'worst', 'public', 'trans', 'bail', 'one', 'worst', 'public', 'trans', 'ny', 'done']"
22,North Carolina,"['transit', 'public', 'bust', 'fast', 'door', 'step', 'opportunity', 'click', 'photooftheday', 'fayettevillenc', 'lensflashzoom', 'lfz', 'fayetteville', 'north', 'carolina']"
23,North Dakota,"['hospital', 'either', 'people', 'commute', 'somehow', 'im', 'guessing', 'north', 'dakota', 'doesnt', 'thriving', 'public', 'transit', 'system', 'makes', 'sense', 'public', 'health', 'reasons', 'alone', 'thered', 'way', 'avoid']"
24,Ohio,"['mean', 'know', 'experience', 'ohio', 'narrow', 'scope', 'white', 'middle', 'class', 'dont', 'think', 'many', 'cities', 'restaurant', 'districts', 'regularly', 'serviced', 'public', 'transit', 'busses', 'point', 'true', 'would', 'relevant', 'high', 'school', 'debate', 'tbh', 'ohio', 'public', 'transit', 'youre', 'funny', 'german', 'reminder', 'tomorrow', '‚Äô', 'southwest', 'ohio', 'regional', 'transit', 'authority', 'sorta', 'board', 'meeting', 'seen', 'facebook', 'live', 'starting', 'nov', 'community', 'may', 'submit', 'public', 'comment', 'prior', 'meeting', 'askmetro', 'grew', 'largest', 'city', 'country', 'without', 'rail', 'based', 'public', 'transit', 'infrastructure', 'columbus', 'ohio', 'city', 'finally', 'huge', 'grant', 'federal', 'government', 'develop', 'next', 'gen', 'public', 'transit', 'decided', '‚Äú', 'leapfrog', '‚Äù', 'rail', 'go', 'straight']"
25,Oklahoma,"['recently', 'released', 'oklahoma', 'public', 'transit', 'policy', 'plan', 'sets', 'forth', 'roadmap', 'accomplish', 'goal', 'continuing', 'major', 'economic', 'impact', 'state', '‚Äô', 'growth', 'oklahoma', 'benefit', 'spread', 'public', 'transit', 'even', 'cities', 'etc', 'one', 'reasons', 'things', 'able', 'stay', 'less', 'control', 'despite', 'states', 'idiotic', 'handling', 'situation', 'finally', 'seeing', 'spikes', 'instead', 'plateaus']"
26,Oregon,"['blue', 'portlandmetro', 'oregon', 'wearing', 'masks', 'social', 'distancing', 'hand', 'sanitizer', 'extra', 'masks', 'regularly', 'available', 'encouraged', 'required', 'public', 'transit', 'restaurants', 'space', 'seating', 'properly', 'small', 'businesses', 'movie', 'theaters', 'closing', 'public', 'spending', 'education', 'gdp', 'public', 'transit', 'isnt', 'highway', 'expansion', 'healthcare', 'salem', 'home', 'cleanest', 'public', 'transit', 'fleet', 'oregon', 'told', 'thrilled', 'distinction', 'satisfied', 'still', 'work', 'want', 'clean', 'climateactionor', 'finished', 'listening', 'oregon', 'album', 'exactly', 'quirky', 'weird', 'theres', 'whole', 'track', 'portland', 'public', 'transit', 'system', 'another', 'lack', 'sales', 'tax', 'hate', 'crime', 'victims', 'kansas', 'bar', 'oregon', 'public', 'transit', 'el', 'paso', 'httpstcocfielvtkbh', 'charlottesville', 'tree', 'life', 'albert', 'oregon', 'loves', 'public', 'transit', 'hopes', 'major', 'champ', 'tell', 'poppa', 'joe', 'invest', 'money', 'transportation', 'options', 'save', 'climate', 'keep', 'home', 'gorge', 'pristine', 'place']"
27,Pennsylvania,"['shared', 'ride', 'public', 'transit', 'available', 'every', 'county', 'pennsylvania', 'heres', 'whats', 'happening', 'washington']"
28,Rhode Island,"['learned', 'drive', 'rhode', 'island', 'im', 'originally', 'mom', 'figured', 'didnt', 'need', 'license', 'boston', 'burbs', 'mta', 'perfectly', 'good', 'feet', 'lol', 'moved', 'suburb', 'providence', 'public', 'transit']"
29,South Carolina,"['greenlinks', 'marketing', 'amp', 'public', 'affairs', 'manager', 'participating', 'virtual', 'panel', 'november', 'wts', 'south', 'carolina', 'offers', 'programs', 'aimed', 'advance', 'transportation', 'advance', 'women', 'transportation', 'industry', 'register', 'today', 'learn', 'transit', 'across', 'sc', 'httpstcocixdbfoifa']"
30,South Dakota,"['anyone', 'south', 'dakota', 'punching', 'clock', 'frontline', 'worker', 'imagine', 'stress', 'public', 'transit', 'drivers', 'sioux', 'falls', 'know', 'people', 'dependent', 'service', 'theyre', 'risking', 'daily', 'provide', 'amp', 'many', 'sick', 'city', 'run', 'hifromsd', 'sure', 'south', 'dakota', 'densely', 'populated', 'reliant', 'crowded', 'public', 'transit', 'higher', 'median', 'age', 'really', 'fair', 'comparison', 'oh', 'wait']"
31,Texas,"['resident', 'texas', 'last', 'years', 'agree', 'almost', 'antipathy', 'towards', 'public', 'transit', 'even', 'large', 'cities', 'isnt', 'great', 'houston', 'dallas', 'good', 'systems', 'city', 'evaporate', 'suburbs', 'austin', 'owl', 'service', 'dont', 'know', 'texas', 'big', 'would', 'probably', 'need', 'car', 'especially', 'work', 'public', 'transitwalking', 'wouldnt', 'really', 'option', 'outside', 'big', 'cities', 'know', 'taxes', 'much', 'less', 'cars', 'fuel', 'perhaps', 'food', 'budgets', 'taken', 'needing', 'car', 'another', 'note', 'looks', 'like', 'texas', 'needs', 'work', 'public', 'transit', 'public', 'transit', 'ever', 'texas', 'theyre', 'supposed', 'driving', 'potentially', 'unreliable', 'junk', 'box', 'need', 'car', 'get', 'around', 'nicer', 'car', 'dont', 'need', 'one', 'people', 'major', 'cities', 'texas', 'public', 'transit', 'close', 'nonexistent', 'dont', 'get', 'stay', 'lane', 'approval', 'prop', 'marks', 'milestone', 'austin', 'txs', 'yearslong', 'battle', 'reimagine', 'mass', 'public', 'transit', 'dart', 'transit', 'system', 'plan', 'december', 'virtual', 'public', 'meetings', 'scheduled', 'december', 'share', 'feedback', 'help', 'shape', 'public', 'transit', 'north', 'texas', 'learn', 'httpstcoymzhwsjtvw', 'dart', 'transit', 'system', 'plan', 'december', 'virtual', 'public', 'meetings', 'scheduled', 'december', 'share', 'feedback', 'help', 'shape', 'public', 'transit', 'north', 'texas', 'learn', 'live', 'gave', 'car', 'combat', 'climate', 'change', 'everything', 'need', 'within', 'mile', 'walking', 'distance', 'grocery', 'stores', 'gym', 'restaurants', 'movie', 'theatre', 'shopping', 'banking', 'amp', 'parks', 'public', 'transit', 'within', 'miles', 'live', 'texas', 'i‚ù§Ô∏èit', 'climateaction', 'build', 'public', 'transit', 'fight', 'climate', 'change', 'fuck', 'uber', 'httpstcokpmvnmmgio', 'via', 'socialists', 'america', 'north', 'texas', 'ubers', 'literal', 'business', 'model', 'compete', 'public', 'transit', 'equalizing', 'efficient', 'public', 'service', 'replace', 'private', 'transit', 'accounts', 'transit', 'adds', 'rancho', 'la', 'gloria', 'texas', 'ranch', 'water', 'blue', 'agave', 'hard', 'seltzer', 'client', 'roster', 'lands', 'tech', 'trio', 'mind', 'machines', 'exolaunch', 'valo', 'picks', 'cox', 'business', 'üëèüèΩüëèüèΩüëèüèΩ', 'transit', 'great', 'cities', 'accounts', 'transit', 'magrino', 'adds', 'drinks', 'magrino', 'adds', 'rancho', 'la', 'gloria', 'texas', 'ranch', 'water', 'blue', 'agave', 'hard', 'seltzer', 'client', 'roster', 'pugh', 'amp', 'tiller', 'pr', 'lands', 'tech', 'trio', 'mind', 'machines', 'exolaunch', 'content', 'summary', 'visit', 'odwyerp‚Ä¶', 'austin', 'texas‚Äîone', 'countrys', 'fastestgrowing', 'cities‚Äîjust', 'voted', 'billion', 'transit', 'plan', 'transportation', 'options', 'infrastructure', 'reduce', 'greenhouse', 'gas', 'emissions', 'traffic', 'publictransit', 'austin', 'texas', 'votes', '‚Äò', 'yes', '‚Äô', 'billion', 'transportation', 'revolution', 'vote', 'win', 'looks', 'like', 'austin', 'voted', 'get', 'ecomakeover', 'austin', 'texas', 'votes', '‚Äò', 'yes', '‚Äô', 'billion', 'transportation', 'revolution', 'via', 'goodnews', 'httpstcoddcxxyrkki', 'ü§©', 'austin', 'texas', 'voters', 'supported', 'billion', 'public', 'transit', 'expansion', 'rail', 'line', 'plan', 'üöàüöå', 'supported', 'million', 'active', 'transportation', 'bond', 'meant', 'expand', 'walking', 'biking', 'networks', 'throughout', 'city', 'üö¥\u200d‚ôÇÔ∏è', 'austin', 'texas', 'votes', '‚Äò', 'yes', '‚Äô', 'billion', 'transportation', 'revolution', 'im', 'smaller', 'though', 'rural', 'area', 'either', 'one', 'miles', 'away', 'therefore', 'must', 'car', 'texas', 'general', 'strong', 'public', 'transit', 'infrastructure', 'heavily', 'car', 'reliant', 'austin', 'texas', 'votes', '‚Äò', 'yes', '‚Äô', 'billion', 'transportation', 'revolution', 'november', 'policies', 'supporting', 'public', 'transportation', 'passed', 'across', 'country', 'austin', 'texas', 'passed', 'legislation', 'build', 'new', 'light', 'rail', 'sidewalks', 'bikeways', 'virginia', 'colorado', 'approved', 'additional', 'funding', 'sources', 'via']"
32,Utah,"['tomorrow', 'eastern', 'ctaa', 'hosting', 'revolutionizing', 'public', 'transit', 'systems', 'rural', 'communities', 'conversation', 'two', 'transit', 'leaders', 'revolutionizing', 'public', 'transportation', 'summit', 'county', 'utah', 'places', 'public', 'transit', 'essential', 'employees', 'claim', 'care', 'enforcing', 'policies', 'mask', 'ride', 'cover', 'nose', 'mouth', 'utah', 'state', 'emergency', 'people', 'straight', 'dont', 'care', 'winter', 'approaching', 'utah', 'lead', 'poor', 'air', 'quality', 'know', 'take', 'public', 'transit', 'likely', 'meet', 'physical', 'activity', 'recommendations']"
33,Virginia,"['really', 'keep', 'extending', 'private', 'toll', 'lanes', 'join', 'public', 'meeting', 'tomorrow', 'hear', 'updates', 'virginia', '‚Äô', 'next', 'proposed', 'northern', 'extension', 'express', 'lanes', 'potential', 'transit', 'alternatives', 'register', 'httpstcogkocgfvxvi', 'virginia', 'elevated', 'public', 'transportation', 'dept', 'status', 'within', 'vdot', 'decades', 'ago', 'lead', 'competitive', 'situation', 'transit', 'could', 'impact', 'lu', 'local', 'govts', 'planned', 'benefits', 'amp', 'successes', 'yes', 'particularly', 'rideshare', 'infrastructure', 'november', 'policies', 'supporting', 'public', 'transportation', 'passed', 'across', 'country', 'austin', 'texas', 'passed', 'legislation', 'build', 'new', 'light', 'rail', 'sidewalks', 'bikeways', 'virginia', 'colorado', 'approved', 'additional', 'funding', 'sources', 'via']"
34,Washington,"['cheap', 'washington', 'dc', 'metro', 'area', 'get', 'low', 'end', 'studio', 'miles', 'public', 'transit', 'bold', 'shift', 'roadfocus', 'head', 'public', 'transit', 'agency', 'oversee', 'panel', 'experts', 'tasked', 'advising', 'direction', 'federal', 'transportation', 'policy', 'agencies', 'including', 'reason', 'hope', 'east', 'washington', 'roadway', 'refinements', 'tonight', 'pm', 'preregistration', 'required', 'receive', 'meeting', 'link', 'registered', 'virtual', 'meeting', 'learn', 'planned', 'first', 'phase', 'bus', 'rapid', 'transit', 'brt', 'amp', 'possible', 'changes', 'east', 'washington', 'httpstcowztdpnidix', 'joe', 'biden', 'calls', '‚Äò', 'denser', 'affordable', 'housing', 'near', 'public', 'transit', '‚Äô', 'alt', 'text', 'image', 'maybe', 'thats', 'rendered', 'twitter', 'clients', 'national', 'academies', 'sciences', 'engineering', 'medicine', 'shared', 'mobility', 'transformation', 'public', 'transit', 'washington', 'dc', 'national', 'academies', 'press', 'hope', 'see', 'innovative', 'public', 'transit', 'initiatives', 'significant', 'funding', 'investment', 'federal', 'level', 'national', 'zoning', 'housing', 'beware', 'joe', 'biden', 'calls', '‚Äò', 'denser', 'affordable', 'housing', 'near', 'public', 'transit', '‚Äô', 'positive', 'sign', 'public', 'transit', 'support', 'la', 'metro', 'ceo', 'phil', 'washington', 'run', 'bidens', 'transition', 'team', 'transportation', 'fantastic', 'choice', 'phil', 'washington', 'true', 'leader', 'apta', 'top', 'public', 'transit', 'ceo', 'award', 'recognition', 'leadership', 'widely', 'respected', 'national', 'leader', 'metrolosangeles', 'icymi', 'week', 'launched', 'prince', 'george', '‚Äô', 'link', 'ondemand', 'transit', 'service', 'works', 'similar', 'rideshare', 'services', 'pilot', 'program', 'fort', 'washington', 'area', 'allow', 'residents', 'access', 'flexible', 'affordable', 'public', 'transportation', 'taken', 'port', 'orchard', 'washington', 'across', 'water', 'bremerton', 'foot', 'ferrys', 'kitsap', 'transit', 'owns', 'operates', 'took', 'photo', 'last', 'summer', 'shared', 'ride', 'public', 'transit', 'available', 'every', 'county', 'pennsylvania', 'heres', 'whats', 'happening', 'washington', 'literally', 'disabled', 'activists', '‚Äô', 'accessible', 'public', 'transit', 'washington', 'rented', 'uhaul', 'activists', 'sitting', 'darkness', 'back', 'uhaul']"
35,Wisconsin,"['size', 'grain', 'rice', 'know', 'wont', 'part', 'vaccination', 'program', 'eventually', 'technology', 'become', 'standardized', 'allowing', 'use', 'passport', 'public', 'transit', 'purchasing', 'opportunities', 'etc', 'public', 'hearing', 'eauclaires', 'proposed', 'fee', 'schedule', 'honeybee', 'keeper', 'spoke', 'high', 'license', 'fee', 'compared', 'wisconsin', 'cities', 'also', 'public', 'transit', 'advocate', 'spoke', 'favor', 'reducing', 'city', 'bus', 'fares', 'lowincome', 'individuals']"
36,Wyoming,"['must', 'dense', 'growth', 'public', 'transit', 'dakotas', 'wyoming', 'montana', 'thats', 'spiking', 'covid', 'cases']"
